Samsung HR Raw Sensor,time
2.851886e-39,1660301151.0
2.8478130000000003e-39,1660301151.0
2.845402e-39,1660301151.0
2.841805e-39,1660301151.0
2.8405720000000002e-39,1660301151.0
2.8406660000000003e-39,1660301151.0
2.8386440000000002e-39,1660301151.0
2.838543e-39,1660301151.0
2.8372470000000003e-39,1660301151.0
2.835452e-39,1660301151.0
2.8327680000000002e-39,1660301151.0
2.8292750000000002e-39,1660301151.0
2.8273230000000003e-39,1660301151.0
2.8248870000000002e-39,1660301151.0
2.824509e-39,1660301151.0
2.8254899999999998e-39,1660301151.0
2.8254899999999998e-39,1660301151.0
2.8267299999999997e-39,1660301151.0
2.8288360000000003e-39,1660301151.0
2.832122e-39,1660301151.0
2.833972e-39,1660301151.0
2.835656e-39,1660301151.0
2.8371280000000003e-39,1660301151.0
2.8388980000000002e-39,1660301151.0
2.8408790000000003e-39,1660301151.0
2.842904e-39,1660301152.0
2.8461099999999997e-39,1660301152.0
2.848206e-39,1660301152.0
2.847852e-39,1660301152.0
2.8469510000000002e-39,1660301152.0
2.8458e-39,1660301152.0
2.8453590000000002e-39,1660301152.0
2.8474199999999998e-39,1660301152.0
2.8504340000000003e-39,1660301152.0
2.853328e-39,1660301152.0
2.8564660000000003e-39,1660301152.0
2.8603699999999997e-39,1660301152.0
2.8646410000000002e-39,1660301152.0
2.867448e-39,1660301152.0
2.867078e-39,1660301152.0
2.8649690000000002e-39,1660301152.0
2.8593930000000003e-39,1660301152.0
2.8515920000000002e-39,1660301152.0
2.8513399999999996e-39,1660301152.0
2.8570110000000003e-39,1660301152.0
2.853411e-39,1660301152.0
2.8413020000000002e-39,1660301152.0
2.832436e-39,1660301152.0
2.824658e-39,1660301152.0
2.823548e-39,1660301152.0
2.821627e-39,1660301153.0
2.8175120000000002e-39,1660301153.0
2.812057e-39,1660301153.0
2.810122e-39,1660301153.0
2.8124099999999997e-39,1660301153.0
2.810528e-39,1660301153.0
2.805666e-39,1660301153.0
2.797576e-39,1660301153.0
2.7910870000000002e-39,1660301153.0
2.7833430000000002e-39,1660301153.0
2.7786470000000003e-39,1660301153.0
2.776541e-39,1660301153.0
2.7735399999999997e-39,1660301153.0
2.7663610000000002e-39,1660301153.0
2.7619990000000002e-39,1660301153.0
2.76182e-39,1660301153.0
2.7588220000000002e-39,1660301153.0
2.745395e-39,1660301153.0
2.745395e-39,1660301153.0
2.7415120000000002e-39,1660301153.0
2.700687e-39,1660301159.0
2.7012690000000002e-39,1660301159.0
2.7019560000000003e-39,1660301159.0
2.701444e-39,1660301159.0
2.702043e-39,1660301159.0
2.7019e-39,1660301159.0
2.7019e-39,1660301159.0
2.701294e-39,1660301159.0
2.70087e-39,1660301159.0
2.70087e-39,1660301159.0
2.7010399999999997e-39,1660301159.0
2.700414e-39,1660301159.0
2.6998990000000004e-39,1660301159.0
2.6994470000000003e-39,1660301159.0
2.6943910000000002e-39,1660301159.0
2.6902699999999998e-39,1660301159.0
2.682165e-39,1660301159.0
2.674608e-39,1660301159.0
2.6685990000000002e-39,1660301159.0
2.6650880000000003e-39,1660301159.0
2.663277e-39,1660301159.0
2.6645870000000002e-39,1660301159.0
2.6676150000000003e-39,1660301159.0
2.675416e-39,1660301159.0
2.689009e-39,1660301159.0
2.687361e-39,1660301160.0
2.6857799999999997e-39,1660301160.0
2.6834199999999997e-39,1660301160.0
2.6869860000000002e-39,1660301160.0
2.698244e-39,1660301160.0
2.7092750000000003e-39,1660301160.0
2.7141540000000002e-39,1660301160.0
2.7164510000000002e-39,1660301160.0
2.7176150000000003e-39,1660301160.0
2.717587e-39,1660301160.0
2.7179230000000002e-39,1660301160.0
2.7180020000000002e-39,1660301160.0
2.7185599999999998e-39,1660301160.0
2.719063e-39,1660301160.0
2.7193630000000002e-39,1660301160.0
2.7217040000000002e-39,1660301160.0
2.721792e-39,1660301160.0
2.721554e-39,1660301160.0
2.721554e-39,1660301160.0
2.7209780000000003e-39,1660301160.0
2.720737e-39,1660301160.0
2.7209290000000003e-39,1660301160.0
2.7226470000000002e-39,1660301160.0
2.7238850000000002e-39,1660301160.0
2.7244590000000002e-39,1660301160.0
2.723876e-39,1660301161.0
2.723876e-39,1660301161.0
2.23928e-39,1660301182.0
2.2389670000000003e-39,1660301182.0
2.2383560000000003e-39,1660301182.0
2.2379699999999998e-39,1660301182.0
2.2378960000000002e-39,1660301182.0
2.23708e-39,1660301182.0
2.2366260000000003e-39,1660301182.0
2.235732e-39,1660301182.0
2.2351870000000003e-39,1660301182.0
2.2347010000000002e-39,1660301182.0
2.234013e-39,1660301182.0
2.233458e-39,1660301182.0
2.232708e-39,1660301182.0
2.232179e-39,1660301182.0
2.2315360000000002e-39,1660301182.0
2.230587e-39,1660301182.0
2.229973e-39,1660301182.0
2.2296599999999998e-39,1660301182.0
2.229358e-39,1660301182.0
2.22893e-39,1660301182.0
2.228514e-39,1660301182.0
2.2278630000000002e-39,1660301182.0
2.227602e-39,1660301182.0
2.230185e-39,1660301183.0
2.2351870000000003e-39,1660301183.0
2.235312e-39,1660301183.0
2.2336120000000002e-39,1660301183.0
2.233175e-39,1660301183.0
2.2325699999999997e-39,1660301183.0
2.2299140000000002e-39,1660301183.0
2.228827e-39,1660301183.0
2.228827e-39,1660301183.0
2.228827e-39,1660301183.0
2.506456e-39,1660301212.0
2.5038e-39,1660301212.0
2.5038e-39,1660301212.0
2.5026180000000003e-39,1660301212.0
2.50069e-39,1660301212.0
2.4985640000000002e-39,1660301212.0
2.4951299999999998e-39,1660301212.0
2.4951299999999998e-39,1660301212.0
2.659344e-39,1660301241.0
2.659344e-39,1660301241.0
2.659911e-39,1660301241.0
2.6615830000000003e-39,1660301241.0
2.6628050000000002e-39,1660301241.0
2.663524e-39,1660301241.0
2.658747e-39,1660301241.0
2.650758e-39,1660301241.0
2.6449020000000002e-39,1660301241.0
2.6379930000000002e-39,1660301241.0
2.6320930000000003e-39,1660301241.0
2.6277080000000003e-39,1660301241.0
2.6262490000000002e-39,1660301241.0
2.6280099999999996e-39,1660301241.0
2.631106e-39,1660301241.0
2.632195e-39,1660301241.0
2.6315070000000003e-39,1660301241.0
2.631553e-39,1660301241.0
2.6348030000000003e-39,1660301241.0
2.6395799999999997e-39,1660301242.0
2.642291e-39,1660301242.0
2.640572e-39,1660301242.0
2.6358940000000002e-39,1660301242.0
2.633008e-39,1660301242.0
2.631919e-39,1660301242.0
2.6376660000000003e-39,1660301242.0
2.6376660000000003e-39,1660301242.0
2.6472499999999998e-39,1660301242.0
2.6472499999999998e-39,1660301242.0
2.64935e-39,1660301242.0
2.6513490000000003e-39,1660301242.0
2.6523740000000003e-39,1660301242.0
2.6527099999999997e-39,1660301242.0
2.652764e-39,1660301242.0
2.6530399999999998e-39,1660301242.0
2.653345e-39,1660301242.0
2.653629e-39,1660301242.0
2.65461e-39,1660301242.0
2.6569710000000003e-39,1660301242.0
2.6569710000000003e-39,1660301242.0
2.658237e-39,1660301242.0
2.65983e-39,1660301242.0
2.6616190000000002e-39,1660301242.0
2.66288e-39,1660301242.0
2.6642970000000003e-39,1660301243.0
2.6648899999999996e-39,1660301243.0
2.6652250000000002e-39,1660301243.0
2.665179e-39,1660301243.0
2.6656470000000003e-39,1660301243.0
2.6653930000000003e-39,1660301243.0
2.664835e-39,1660301243.0
2.6659410000000003e-39,1660301243.0
2.6657690000000002e-39,1660301243.0
2.6666080000000002e-39,1660301243.0
2.66729e-39,1660301243.0
2.6676070000000002e-39,1660301243.0
2.6683190000000002e-39,1660301243.0
2.668285e-39,1660301243.0
2.6692299999999997e-39,1660301243.0
2.6698150000000003e-39,1660301243.0
2.6708620000000002e-39,1660301243.0
2.6713470000000003e-39,1660301243.0
2.6723280000000003e-39,1660301243.0
2.6734830000000002e-39,1660301243.0
2.673284e-39,1660301243.0
2.671979e-39,1660301243.0
2.661272e-39,1660301243.0
2.65376e-39,1660301243.0
2.647629e-39,1660301243.0
2.6411620000000002e-39,1660301243.0
2.6362540000000003e-39,1660301244.0
2.6310330000000002e-39,1660301244.0
2.625805e-39,1660301244.0
2.620704e-39,1660301244.0
2.6161990000000003e-39,1660301244.0
2.611388e-39,1660301244.0
2.607891e-39,1660301244.0
2.603741e-39,1660301244.0
2.601131e-39,1660301244.0
2.600441e-39,1660301244.0
2.6065299999999998e-39,1660301244.0
2.6148230000000003e-39,1660301244.0
2.6202280000000002e-39,1660301244.0
2.6217640000000002e-39,1660301244.0
2.6260220000000002e-39,1660301244.0
2.6345980000000003e-39,1660301244.0
2.6358760000000002e-39,1660301244.0
2.636013e-39,1660301244.0
2.6338740000000002e-39,1660301244.0
2.6318840000000003e-39,1660301244.0
2.6404470000000002e-39,1660301244.0
2.655452e-39,1660301244.0
2.6658820000000003e-39,1660301244.0
2.6694040000000002e-39,1660301244.0
2.670942e-39,1660301244.0
2.6722720000000003e-39,1660301245.0
2.6718320000000003e-39,1660301245.0
2.6718250000000003e-39,1660301245.0
2.6723940000000002e-39,1660301245.0
2.67144e-39,1660301245.0
2.6709660000000002e-39,1660301245.0
2.6701599999999998e-39,1660301245.0
2.6690760000000002e-39,1660301245.0
2.668568e-39,1660301245.0
2.668448e-39,1660301245.0
2.668247e-39,1660301245.0
2.668694e-39,1660301245.0
2.668694e-39,1660301245.0
2.6686440000000003e-39,1660301245.0
2.6700350000000003e-39,1660301245.0
2.6713440000000003e-39,1660301245.0
2.671864e-39,1660301245.0
2.6733099999999998e-39,1660301245.0
2.6748040000000003e-39,1660301245.0
2.6756860000000002e-39,1660301245.0
2.677817e-39,1660301245.0
2.6794980000000003e-39,1660301245.0
2.6806070000000002e-39,1660301245.0
2.6810060000000002e-39,1660301245.0
2.6813699999999997e-39,1660301245.0
2.6817899999999996e-39,1660301246.0
2.6816510000000002e-39,1660301246.0
2.681832e-39,1660301246.0
2.6813360000000003e-39,1660301246.0
2.6816e-39,1660301246.0
2.6818430000000003e-39,1660301246.0
2.681606e-39,1660301246.0
2.6818710000000002e-39,1660301246.0
2.6811590000000002e-39,1660301246.0
2.681393e-39,1660301246.0
2.6819350000000002e-39,1660301246.0
2.6815110000000003e-39,1660301246.0
2.6818760000000003e-39,1660301246.0
2.6824380000000002e-39,1660301246.0
2.682228e-39,1660301246.0
2.682534e-39,1660301246.0
2.682235e-39,1660301246.0
2.682395e-39,1660301246.0
2.6824860000000002e-39,1660301246.0
2.6818610000000003e-39,1660301246.0
2.680994e-39,1660301246.0
2.6809399999999996e-39,1660301246.0
2.679812e-39,1660301246.0
2.6802060000000003e-39,1660301246.0
2.6793e-39,1660301246.0
2.6792850000000003e-39,1660301246.0
2.679727e-39,1660301247.0
2.678775e-39,1660301247.0
2.678313e-39,1660301247.0
2.67755e-39,1660301247.0
2.6774760000000002e-39,1660301247.0
2.6730540000000002e-39,1660301247.0
2.668952e-39,1660301247.0
2.6658899999999997e-39,1660301247.0
2.6637230000000003e-39,1660301247.0
2.663057e-39,1660301247.0
2.659971e-39,1660301247.0
2.6578990000000002e-39,1660301247.0
2.657197e-39,1660301247.0
2.659337e-39,1660301247.0
2.6643570000000003e-39,1660301247.0
2.668285e-39,1660301247.0
2.6708060000000002e-39,1660301247.0
2.672974e-39,1660301247.0
2.674667e-39,1660301247.0
2.676103e-39,1660301247.0
2.676781e-39,1660301247.0
2.6777499999999997e-39,1660301247.0
2.6785120000000002e-39,1660301247.0
2.6787710000000004e-39,1660301247.0
2.6785270000000002e-39,1660301247.0
2.678843e-39,1660301248.0
2.679025e-39,1660301248.0
2.6785050000000002e-39,1660301248.0
2.6782740000000003e-39,1660301248.0
2.6784490000000002e-39,1660301248.0
2.6793360000000002e-39,1660301248.0
2.6801820000000002e-39,1660301248.0
2.6810299999999997e-39,1660301248.0
2.6809110000000003e-39,1660301248.0
2.6814099999999996e-39,1660301248.0
2.6819270000000002e-39,1660301248.0
2.6819e-39,1660301248.0
2.6823870000000003e-39,1660301248.0
2.6824790000000002e-39,1660301248.0
2.6828570000000003e-39,1660301248.0
2.6829040000000002e-39,1660301248.0
2.682672e-39,1660301248.0
2.6826510000000003e-39,1660301248.0
2.6826510000000003e-39,1660301248.0
2.6826580000000002e-39,1660301248.0
2.6873740000000002e-39,1660301263.0
2.6880280000000003e-39,1660301263.0
2.6856640000000003e-39,1660301264.0
2.6838960000000002e-39,1660301264.0
2.6847599999999998e-39,1660301264.0
2.6840750000000002e-39,1660301264.0
2.6832850000000003e-39,1660301264.0
2.686031e-39,1660301264.0
2.693535e-39,1660301264.0
2.7037310000000003e-39,1660301264.0
2.711122e-39,1660301264.0
2.714499e-39,1660301264.0
2.7156270000000002e-39,1660301264.0
2.7153890000000003e-39,1660301264.0
2.714657e-39,1660301264.0
2.7134320000000003e-39,1660301264.0
2.712311e-39,1660301264.0
2.7120230000000003e-39,1660301264.0
2.7107850000000003e-39,1660301264.0
2.710481e-39,1660301264.0
2.7110490000000002e-39,1660301264.0
2.710712e-39,1660301264.0
2.710712e-39,1660301264.0
2.7448240000000003e-39,1660301272.0
2.7458080000000003e-39,1660301272.0
2.7484090000000002e-39,1660301272.0
2.7484090000000002e-39,1660301272.0
2.7421810000000003e-39,1660301272.0
2.7394220000000003e-39,1660301272.0
2.7360090000000002e-39,1660301272.0
2.7360090000000002e-39,1660301272.0
2.738752e-39,1660301272.0
2.741299e-39,1660301272.0
2.7381099999999997e-39,1660301272.0
2.734345e-39,1660301272.0
2.7324420000000003e-39,1660301272.0
2.7314990000000003e-39,1660301272.0
2.72947e-39,1660301272.0
2.7269870000000002e-39,1660301272.0
2.7245040000000002e-39,1660301272.0
2.7240050000000003e-39,1660301272.0
2.7214130000000002e-39,1660301272.0
2.7138820000000002e-39,1660301272.0
2.7111270000000002e-39,1660301272.0
2.70955e-39,1660301272.0
2.707733e-39,1660301272.0
2.7071080000000002e-39,1660301272.0
2.70807e-39,1660301272.0
2.7108470000000002e-39,1660301272.0
2.7142340000000003e-39,1660301273.0
2.7192430000000002e-39,1660301273.0
2.7247280000000002e-39,1660301273.0
2.7279410000000002e-39,1660301273.0
2.7312740000000002e-39,1660301273.0
2.7347450000000002e-39,1660301273.0
2.7365470000000003e-39,1660301273.0
2.7380630000000002e-39,1660301273.0
2.7388360000000003e-39,1660301273.0
2.7399320000000003e-39,1660301273.0
2.7402560000000002e-39,1660301273.0
2.7408199999999997e-39,1660301273.0
2.7406740000000003e-39,1660301273.0
2.741112e-39,1660301273.0
2.741223e-39,1660301273.0
2.7426650000000003e-39,1660301273.0
2.7436980000000003e-39,1660301273.0
2.7447e-39,1660301273.0
2.746268e-39,1660301273.0
2.7464099999999998e-39,1660301273.0
2.747013e-39,1660301273.0
2.7466940000000002e-39,1660301273.0
2.745906e-39,1660301273.0
2.7451840000000002e-39,1660301273.0
2.7459350000000003e-39,1660301273.0
2.7473140000000003e-39,1660301274.0
2.745563e-39,1660301274.0
2.74407e-39,1660301274.0
2.7432830000000002e-39,1660301274.0
2.7418790000000003e-39,1660301274.0
2.740388e-39,1660301274.0
2.7285790000000002e-39,1660301274.0
2.7079480000000003e-39,1660301274.0
2.7079480000000003e-39,1660301274.0
2.7079480000000003e-39,1660301274.0
2.6931090000000003e-39,1660301287.0
2.688961e-39,1660301287.0
2.688961e-39,1660301287.0
2.6901830000000003e-39,1660301287.0
2.699143e-39,1660301287.0
2.7166480000000002e-39,1660301287.0
2.7334260000000002e-39,1660301287.0
2.724853e-39,1660301287.0
2.7184310000000003e-39,1660301287.0
2.7135770000000003e-39,1660301288.0
2.721334e-39,1660301288.0
2.7408980000000003e-39,1660301288.0
2.7512210000000003e-39,1660301288.0
2.7512740000000003e-39,1660301288.0
2.749168e-39,1660301288.0
2.746399e-39,1660301288.0
2.744594e-39,1660301288.0
2.7429560000000003e-39,1660301288.0
2.7429560000000003e-39,1660301288.0
2.7406020000000002e-39,1660301288.0
2.7406020000000002e-39,1660301288.0
2.7395920000000002e-39,1660301288.0
2.738084e-39,1660301288.0
2.7372070000000003e-39,1660301288.0
2.736067e-39,1660301288.0
2.736067e-39,1660301288.0
2.7199270000000003e-39,1660301302.0
2.7199270000000003e-39,1660301302.0
2.713158e-39,1660301302.0
2.7071380000000002e-39,1660301302.0
2.7012580000000002e-39,1660301302.0
2.6928110000000003e-39,1660301302.0
2.6928110000000003e-39,1660301302.0
2.6928110000000003e-39,1660301302.0
2.691601e-39,1660301302.0
2.7055460000000002e-39,1660301302.0
2.7055460000000002e-39,1660301302.0
2.7143490000000003e-39,1660301302.0
2.720167e-39,1660301302.0
2.719137e-39,1660301302.0
2.719137e-39,1660301302.0
2.719413e-39,1660301302.0
2.7177930000000002e-39,1660301302.0
2.7177930000000002e-39,1660301302.0
2.7181060000000002e-39,1660301302.0
2.722363e-39,1660301302.0
2.722363e-39,1660301302.0
2.7074499999999998e-39,1660301302.0
2.694237e-39,1660301302.0
2.694237e-39,1660301302.0
2.6946480000000002e-39,1660301303.0
2.6946480000000002e-39,1660301303.0
2.695213e-39,1660301303.0
2.6997199999999997e-39,1660301303.0
2.703658e-39,1660301303.0
2.7067399999999997e-39,1660301303.0
2.7067399999999997e-39,1660301303.0
2.70729e-39,1660301303.0
2.707893e-39,1660301303.0
2.7065699999999998e-39,1660301303.0
2.7065699999999998e-39,1660301303.0
2.7028880000000003e-39,1660301303.0
2.7028880000000003e-39,1660301303.0
2.7004910000000003e-39,1660301303.0
2.7004910000000003e-39,1660301303.0
2.7007199999999998e-39,1660301303.0
2.7002260000000003e-39,1660301303.0
2.7002260000000003e-39,1660301303.0
2.7014040000000002e-39,1660301303.0
2.7014040000000002e-39,1660301303.0
2.7023170000000002e-39,1660301303.0
2.703665e-39,1660301303.0
2.7053370000000002e-39,1660301303.0
2.707498e-39,1660301303.0
2.7092270000000003e-39,1660301304.0
2.7092270000000003e-39,1660301304.0
2.7107240000000002e-39,1660301304.0
2.71188e-39,1660301304.0
2.7162620000000003e-39,1660301304.0
2.7183760000000003e-39,1660301304.0
2.7183760000000003e-39,1660301304.0
2.718966e-39,1660301304.0
2.718966e-39,1660301304.0
2.7197599999999998e-39,1660301304.0
2.7203170000000002e-39,1660301304.0
2.716054e-39,1660301304.0
2.6905630000000003e-39,1660301304.0
2.6905630000000003e-39,1660301304.0
2.684208e-39,1660301304.0
2.684208e-39,1660301304.0
2.6783310000000003e-39,1660301304.0
2.6611599999999998e-39,1660301304.0
2.655354e-39,1660301304.0
2.655354e-39,1660301304.0
2.655354e-39,1660301304.0
2.655354e-39,1660301304.0
2.644781e-39,1660301304.0
2.644781e-39,1660301304.0
2.6405410000000003e-39,1660301304.0
2.6418340000000002e-39,1660301304.0
2.6352060000000003e-39,1660301305.0
2.6352060000000003e-39,1660301305.0
2.6108530000000003e-39,1660301305.0
2.6108530000000003e-39,1660301305.0
2.6074520000000002e-39,1660301305.0
2.6074520000000002e-39,1660301305.0
2.6086490000000003e-39,1660301305.0
2.6086490000000003e-39,1660301305.0
2.59677e-39,1660301305.0
2.59677e-39,1660301305.0
2.5974699999999998e-39,1660301305.0
2.6042840000000003e-39,1660301305.0
2.607842e-39,1660301305.0
2.607842e-39,1660301305.0
2.607842e-39,1660301305.0
2.605705e-39,1660301305.0
2.605705e-39,1660301305.0
2.605705e-39,1660301305.0
2.605705e-39,1660301305.0
2.6024870000000003e-39,1660301305.0
2.5928720000000003e-39,1660301305.0
2.5928720000000003e-39,1660301305.0
2.587963e-39,1660301305.0
2.6022320000000002e-39,1660301306.0
2.601738e-39,1660301306.0
2.5981540000000003e-39,1660301305.0
2.587963e-39,1660301305.0
2.601764e-39,1660301306.0
2.6026699999999997e-39,1660301306.0
2.6016520000000003e-39,1660301306.0
2.6016520000000003e-39,1660301306.0
2.6016520000000003e-39,1660301306.0
2.5928740000000002e-39,1660301306.0
2.600944e-39,1660301306.0
2.6016520000000003e-39,1660301306.0
2.600944e-39,1660301306.0
2.600605e-39,1660301306.0
2.602618e-39,1660301306.0
2.600605e-39,1660301306.0
2.6035310000000003e-39,1660301306.0
2.6006e-39,1660301306.0
2.6036130000000003e-39,1660301306.0
2.6036130000000003e-39,1660301306.0
2.5928740000000002e-39,1660301306.0
2.600944e-39,1660301306.0
2.6026699999999997e-39,1660301306.0
2.5928740000000002e-39,1660301306.0
2.5882820000000003e-39,1660301306.0
2.5853480000000003e-39,1660301306.0
2.5853480000000003e-39,1660301306.0
2.574716e-39,1660301306.0
2.5659640000000002e-39,1660301307.0
2.5627899999999998e-39,1660301307.0
2.5627899999999998e-39,1660301307.0
2.561078e-39,1660301307.0
2.569817e-39,1660301307.0
2.569817e-39,1660301307.0
2.5746480000000003e-39,1660301307.0
2.5746480000000003e-39,1660301307.0
2.5782640000000003e-39,1660301307.0
2.5782640000000003e-39,1660301307.0
2.574411e-39,1660301307.0
2.5697030000000002e-39,1660301307.0
2.5714860000000003e-39,1660301307.0
2.5714860000000003e-39,1660301307.0
2.5838330000000002e-39,1660301307.0
2.5838330000000002e-39,1660301307.0
2.5868390000000003e-39,1660301307.0
2.5878999999999998e-39,1660301307.0
2.5878999999999998e-39,1660301307.0
2.5887810000000002e-39,1660301307.0
2.5883e-39,1660301307.0
2.585711e-39,1660301307.0
2.5830480000000003e-39,1660301307.0
2.5808510000000002e-39,1660301307.0
2.5808510000000002e-39,1660301307.0
2.5788910000000003e-39,1660301308.0
2.5785170000000002e-39,1660301308.0
2.5802320000000002e-39,1660301308.0
2.5802320000000002e-39,1660301308.0
2.5802320000000002e-39,1660301308.0
2.5805190000000002e-39,1660301308.0
2.581118e-39,1660301308.0
2.581189e-39,1660301308.0
2.5827720000000003e-39,1660301308.0
2.5827720000000003e-39,1660301308.0
2.5841699999999997e-39,1660301308.0
2.583713e-39,1660301308.0
2.584357e-39,1660301308.0
2.584186e-39,1660301308.0
2.584186e-39,1660301308.0
2.5850930000000002e-39,1660301308.0
2.5850930000000002e-39,1660301308.0
2.5862240000000003e-39,1660301308.0
2.5861499999999997e-39,1660301308.0
2.588515e-39,1660301308.0
2.588515e-39,1660301308.0
2.588515e-39,1660301308.0
2.588515e-39,1660301308.0
2.5863599999999998e-39,1660301308.0
2.576177e-39,1660301308.0
2.576177e-39,1660301309.0
2.5732240000000003e-39,1660301309.0
2.571108e-39,1660301309.0
2.5673960000000003e-39,1660301309.0
2.557731e-39,1660301309.0
2.557731e-39,1660301309.0
2.5539140000000002e-39,1660301309.0
2.5499360000000002e-39,1660301309.0
2.5484110000000002e-39,1660301309.0
2.5515e-39,1660301309.0
2.5516550000000002e-39,1660301309.0
2.5516550000000002e-39,1660301309.0
2.5444340000000003e-39,1660301309.0
2.5444340000000003e-39,1660301309.0
2.5341e-39,1660301309.0
2.5341e-39,1660301309.0
2.5324920000000003e-39,1660301309.0
2.5324920000000003e-39,1660301309.0
2.5351320000000003e-39,1660301309.0
2.5352280000000002e-39,1660301309.0
2.533698e-39,1660301309.0
2.534723e-39,1660301309.0
2.537e-39,1660301309.0
2.5384699999999997e-39,1660301309.0
2.5384699999999997e-39,1660301309.0
2.543693e-39,1660301310.0
2.543693e-39,1660301310.0
2.551179e-39,1660301310.0
2.551179e-39,1660301310.0
2.5578499999999998e-39,1660301310.0
2.5578499999999998e-39,1660301310.0
2.5590640000000003e-39,1660301310.0
2.559743e-39,1660301310.0
2.559743e-39,1660301310.0
2.559743e-39,1660301310.0
2.5600590000000003e-39,1660301310.0
2.5615390000000003e-39,1660301310.0
2.5615390000000003e-39,1660301310.0
2.56407e-39,1660301310.0
2.564844e-39,1660301310.0
2.564844e-39,1660301310.0
2.574936e-39,1660301310.0
2.5779870000000002e-39,1660301311.0
2.5806120000000002e-39,1660301311.0
2.5657510000000002e-39,1660301311.0
2.558529e-39,1660301311.0
2.5568499999999997e-39,1660301311.0
2.5739720000000002e-39,1660301310.0
2.5717580000000003e-39,1660301311.0
2.5717580000000003e-39,1660301311.0
2.5717580000000003e-39,1660301311.0
2.5717580000000003e-39,1660301311.0
2.5717580000000003e-39,1660301311.0
2.5838420000000003e-39,1660301312.0
2.5801980000000002e-39,1660301311.0
2.5975760000000002e-39,1660301312.0
2.5975760000000002e-39,1660301312.0
2.5975760000000002e-39,1660301312.0
2.6041970000000002e-39,1660301312.0
2.610918e-39,1660301312.0
2.611573e-39,1660301312.0
2.6138210000000003e-39,1660301312.0
2.6138210000000003e-39,1660301312.0
2.6138210000000003e-39,1660301312.0
2.613472e-39,1660301312.0
2.610825e-39,1660301312.0
2.60929e-39,1660301312.0
2.60992e-39,1660301312.0
2.6097670000000002e-39,1660301312.0
2.610836e-39,1660301312.0
2.617938e-39,1660301313.0
2.6207350000000002e-39,1660301313.0
2.610836e-39,1660301312.0
2.621856e-39,1660301313.0
2.6202950000000002e-39,1660301313.0
2.621856e-39,1660301313.0
2.6274440000000003e-39,1660301313.0
2.629972e-39,1660301313.0
2.629972e-39,1660301313.0
2.634685e-39,1660301314.0
2.634887e-39,1660301314.0
2.6352240000000003e-39,1660301314.0
2.63752e-39,1660301314.0
2.63752e-39,1660301314.0
2.6383340000000003e-39,1660301314.0
2.6383340000000003e-39,1660301314.0
2.6425350000000003e-39,1660301314.0
2.6415650000000002e-39,1660301314.0
2.644438e-39,1660301314.0
2.6446750000000003e-39,1660301314.0
2.644438e-39,1660301314.0
2.644588e-39,1660301315.0
2.644588e-39,1660301315.0
2.645136e-39,1660301315.0
2.6457099999999998e-39,1660301315.0
2.6486260000000002e-39,1660301315.0
2.6478820000000003e-39,1660301315.0
2.6502980000000003e-39,1660301315.0
2.6526940000000002e-39,1660301315.0
2.6522070000000003e-39,1660301315.0
2.6538599999999998e-39,1660301316.0
2.6538599999999998e-39,1660301316.0
2.658032e-39,1660301316.0
2.6591770000000002e-39,1660301316.0
2.65983e-39,1660301316.0
2.6598940000000003e-39,1660301316.0
2.6563499999999998e-39,1660301316.0
2.650646e-39,1660301316.0
2.6495780000000003e-39,1660301317.0
2.6578650000000002e-39,1660301316.0
2.65983e-39,1660301316.0
2.6495780000000003e-39,1660301317.0
2.6491860000000002e-39,1660301317.0
2.6495510000000002e-39,1660301317.0
2.6483590000000003e-39,1660301317.0
2.6484370000000003e-39,1660301317.0
2.645915e-39,1660301317.0
2.645915e-39,1660301317.0
2.645915e-39,1660301317.0
2.645915e-39,1660301317.0
2.6438690000000002e-39,1660301317.0
2.6438070000000003e-39,1660301317.0
2.6446570000000003e-39,1660301317.0
2.6460599999999998e-39,1660301318.0
2.647462e-39,1660301318.0
2.658102e-39,1660301318.0
2.663351e-39,1660301318.0
2.656503e-39,1660301318.0
2.663351e-39,1660301318.0
2.663351e-39,1660301318.0
2.663351e-39,1660301318.0
2.663351e-39,1660301318.0
2.6691960000000003e-39,1660301318.0
2.678492e-39,1660301319.0
2.675621e-39,1660301319.0
2.6780699999999997e-39,1660301319.0
2.678033e-39,1660301319.0
2.6803920000000003e-39,1660301319.0
2.675621e-39,1660301319.0
2.678033e-39,1660301319.0
2.6781390000000002e-39,1660301319.0
2.6795150000000002e-39,1660301320.0
2.6797160000000002e-39,1660301320.0
2.679026e-39,1660301320.0
2.6831210000000003e-39,1660301320.0
2.6819099999999997e-39,1660301320.0
2.6747330000000003e-39,1660301321.0
2.6828010000000003e-39,1660301320.0
2.6739760000000003e-39,1660301321.0
2.6733160000000003e-39,1660301321.0
2.67324e-39,1660301321.0
2.6737150000000003e-39,1660301321.0
2.6747330000000003e-39,1660301320.0
2.6737150000000003e-39,1660301321.0
2.6737150000000003e-39,1660301321.0
2.673236e-39,1660301321.0
2.672199e-39,1660301321.0
2.6717690000000003e-39,1660301321.0
2.6742770000000002e-39,1660301322.0
2.67453e-39,1660301322.0
2.67453e-39,1660301322.0
2.67453e-39,1660301322.0
2.67453e-39,1660301322.0
2.67453e-39,1660301322.0
2.67453e-39,1660301322.0
2.67453e-39,1660301322.0
2.67453e-39,1660301322.0
2.6739240000000003e-39,1660301322.0
2.6793990000000002e-39,1660301322.0
2.680811e-39,1660301322.0
2.6779840000000003e-39,1660301322.0
2.680583e-39,1660301322.0
2.6809250000000003e-39,1660301323.0
2.6847730000000003e-39,1660301323.0
2.6868160000000003e-39,1660301323.0
2.686027e-39,1660301323.0
2.68796e-39,1660301323.0
2.6888590000000003e-39,1660301324.0
2.688119e-39,1660301324.0
2.6902930000000002e-39,1660301324.0
2.6902930000000002e-39,1660301324.0
2.6902930000000002e-39,1660301324.0
2.6919970000000002e-39,1660301324.0
2.6941350000000003e-39,1660301324.0
2.698092e-39,1660301324.0
2.697025e-39,1660301324.0
2.683823e-39,1660301324.0
2.691466e-39,1660301324.0
2.6989780000000003e-39,1660301324.0
2.7090430000000002e-39,1660301324.0
2.7041290000000002e-39,1660301325.0
2.7064e-39,1660301325.0
2.7051910000000002e-39,1660301325.0
2.7290090000000003e-39,1660301329.0
2.7235920000000003e-39,1660301329.0
2.7168920000000003e-39,1660301330.0
2.7176780000000003e-39,1660301330.0
2.7150860000000002e-39,1660301330.0
2.691847e-39,1660301330.0
2.6939860000000004e-39,1660301330.0
2.719562e-39,1660301331.0
2.7165140000000002e-39,1660301331.0
2.7156280000000003e-39,1660301331.0
2.716158e-39,1660301331.0
2.7161680000000003e-39,1660301331.0
2.714846e-39,1660301330.0
2.71597e-39,1660301331.0
2.714298e-39,1660301331.0
2.7121680000000003e-39,1660301331.0
2.7099420000000003e-39,1660301332.0
2.7087720000000003e-39,1660301332.0
2.7087720000000003e-39,1660301332.0
2.7013970000000003e-39,1660301332.0
2.6999010000000002e-39,1660301332.0
2.7020999999999998e-39,1660301332.0
2.6999010000000002e-39,1660301332.0
2.6999010000000002e-39,1660301332.0
2.6999010000000002e-39,1660301332.0
2.6988170000000003e-39,1660301333.0
2.6979799999999998e-39,1660301333.0
2.6981040000000002e-39,1660301333.0
2.6991560000000003e-39,1660301333.0
2.6991560000000003e-39,1660301333.0
2.698039e-39,1660301333.0
2.698039e-39,1660301333.0
2.698803e-39,1660301333.0
2.697991e-39,1660301333.0
2.6986050000000003e-39,1660301333.0
2.6986050000000003e-39,1660301333.0
2.6986050000000003e-39,1660301333.0
2.6986050000000003e-39,1660301333.0
2.6986050000000003e-39,1660301333.0
2.6986050000000003e-39,1660301333.0
2.6986050000000003e-39,1660301333.0
2.6986050000000003e-39,1660301333.0
2.6986050000000003e-39,1660301333.0
2.6986050000000003e-39,1660301333.0
2.6986050000000003e-39,1660301333.0
2.6986050000000003e-39,1660301333.0
2.6986050000000003e-39,1660301333.0
2.6986050000000003e-39,1660301333.0
2.6986050000000003e-39,1660301333.0
2.6986050000000003e-39,1660301333.0
2.6999280000000003e-39,1660301333.0
2.6999280000000003e-39,1660301333.0
2.6999280000000003e-39,1660301333.0
2.6999280000000003e-39,1660301333.0
2.6999280000000003e-39,1660301333.0
2.6999280000000003e-39,1660301333.0
2.6999280000000003e-39,1660301333.0
2.6999280000000003e-39,1660301333.0
2.6999280000000003e-39,1660301333.0
2.6999280000000003e-39,1660301333.0
2.6999280000000003e-39,1660301333.0
2.6999280000000003e-39,1660301333.0
2.6997080000000003e-39,1660301333.0
2.6997080000000003e-39,1660301333.0
2.6997080000000003e-39,1660301333.0
2.6997080000000003e-39,1660301333.0
2.8273260000000003e-39,1660301364.0
2.8273260000000003e-39,1660301364.0
2.8273260000000003e-39,1660301364.0
2.8273260000000003e-39,1660301364.0
2.8273260000000003e-39,1660301364.0
2.8243440000000003e-39,1660301364.0
2.8183120000000004e-39,1660301364.0
2.9069250000000003e-39,1660301386.0
2.908071e-39,1660301386.0
2.908071e-39,1660301386.0
2.908071e-39,1660301386.0
2.908071e-39,1660301386.0
2.9086580000000003e-39,1660301386.0
2.9086580000000003e-39,1660301386.0
2.9086580000000003e-39,1660301386.0
2.9086580000000003e-39,1660301386.0
2.9086580000000003e-39,1660301386.0
2.9086580000000003e-39,1660301386.0
2.9086580000000003e-39,1660301386.0
2.9086580000000003e-39,1660301386.0
2.9086580000000003e-39,1660301386.0
2.9086580000000003e-39,1660301386.0
2.9089599999999996e-39,1660301386.0
2.9089599999999996e-39,1660301386.0
2.9089599999999996e-39,1660301386.0
2.9089599999999996e-39,1660301386.0
2.9089599999999996e-39,1660301386.0
2.9089599999999996e-39,1660301386.0
2.9089599999999996e-39,1660301386.0
2.9089599999999996e-39,1660301386.0
2.9089599999999996e-39,1660301386.0
2.9072750000000003e-39,1660301386.0
2.9072750000000003e-39,1660301386.0
2.9072750000000003e-39,1660301386.0
2.9072750000000003e-39,1660301386.0
2.9072750000000003e-39,1660301386.0
2.9072750000000003e-39,1660301386.0
2.9072750000000003e-39,1660301386.0
2.9072750000000003e-39,1660301386.0
2.9072750000000003e-39,1660301386.0
2.9072750000000003e-39,1660301386.0
2.9072750000000003e-39,1660301386.0
2.9064850000000003e-39,1660301386.0
2.9064850000000003e-39,1660301386.0
2.9064850000000003e-39,1660301386.0
2.9064850000000003e-39,1660301386.0
2.9064850000000003e-39,1660301386.0
2.9064850000000003e-39,1660301386.0
2.9064850000000003e-39,1660301386.0
2.9064850000000003e-39,1660301386.0
2.9064850000000003e-39,1660301386.0
2.9064850000000003e-39,1660301386.0
2.9058699999999997e-39,1660301386.0
2.9058699999999997e-39,1660301386.0
2.9058699999999997e-39,1660301386.0
2.9058699999999997e-39,1660301386.0
2.9058699999999997e-39,1660301386.0
2.9058699999999997e-39,1660301386.0
2.9058699999999997e-39,1660301386.0
2.9058699999999997e-39,1660301386.0
2.9058699999999997e-39,1660301386.0
2.9058699999999997e-39,1660301386.0
2.903984e-39,1660301386.0
2.903984e-39,1660301386.0
2.903984e-39,1660301386.0
2.903984e-39,1660301386.0
2.903984e-39,1660301386.0
2.903984e-39,1660301386.0
2.903984e-39,1660301386.0
2.903984e-39,1660301386.0
2.9020299999999997e-39,1660301386.0
2.9020299999999997e-39,1660301386.0
2.9020299999999997e-39,1660301386.0
2.9020299999999997e-39,1660301386.0
2.9020299999999997e-39,1660301386.0
2.9020299999999997e-39,1660301386.0
2.9020299999999997e-39,1660301386.0
2.9020299999999997e-39,1660301386.0
2.9020299999999997e-39,1660301386.0
2.9020299999999997e-39,1660301386.0
2.9020299999999997e-39,1660301386.0
2.9013760000000002e-39,1660301386.0
2.9013760000000002e-39,1660301386.0
2.9013760000000002e-39,1660301386.0
2.9013760000000002e-39,1660301386.0
2.9013760000000002e-39,1660301386.0
2.9013760000000002e-39,1660301386.0
2.8935930000000004e-39,1660301386.0
2.8935930000000004e-39,1660301386.0
2.8935930000000004e-39,1660301386.0
2.8935930000000004e-39,1660301386.0
2.8935930000000004e-39,1660301386.0
2.8935930000000004e-39,1660301386.0
2.8935930000000004e-39,1660301386.0
2.8935930000000004e-39,1660301386.0
2.8935930000000004e-39,1660301386.0
2.8870220000000002e-39,1660301386.0
2.8935930000000004e-39,1660301386.0
2.8870220000000002e-39,1660301386.0
2.8870220000000002e-39,1660301386.0
2.8870220000000002e-39,1660301386.0
2.8870220000000002e-39,1660301386.0
2.8870220000000002e-39,1660301386.0
2.8870220000000002e-39,1660301386.0
2.8870220000000002e-39,1660301386.0
2.8870220000000002e-39,1660301386.0
2.8797330000000002e-39,1660301386.0
2.8797330000000002e-39,1660301386.0
2.8797330000000002e-39,1660301386.0
2.8797330000000002e-39,1660301386.0
2.8797330000000002e-39,1660301386.0
2.8797330000000002e-39,1660301386.0
2.8806699999999996e-39,1660301386.0
2.8797330000000002e-39,1660301386.0
2.8806699999999996e-39,1660301386.0
2.8806699999999996e-39,1660301386.0
2.8806699999999996e-39,1660301386.0
2.8806699999999996e-39,1660301386.0
2.8806699999999996e-39,1660301386.0
2.8806699999999996e-39,1660301386.0
2.8806699999999996e-39,1660301386.0
2.8806699999999996e-39,1660301386.0
2.8806699999999996e-39,1660301386.0
2.8806699999999996e-39,1660301386.0
2.8806699999999996e-39,1660301386.0
2.8806699999999996e-39,1660301386.0
2.888463e-39,1660301386.0
2.888463e-39,1660301386.0
2.888463e-39,1660301386.0
2.888463e-39,1660301386.0
2.888463e-39,1660301386.0
2.888463e-39,1660301386.0
2.888463e-39,1660301386.0
2.896662e-39,1660301386.0
2.896662e-39,1660301386.0
2.896662e-39,1660301386.0
2.896662e-39,1660301386.0
2.888463e-39,1660301386.0
2.896662e-39,1660301386.0
2.896662e-39,1660301386.0
2.896662e-39,1660301386.0
2.896662e-39,1660301386.0
2.896662e-39,1660301386.0
2.896662e-39,1660301386.0
2.896662e-39,1660301386.0
2.9031020000000002e-39,1660301386.0
2.896662e-39,1660301386.0
2.9031020000000002e-39,1660301386.0
2.9031020000000002e-39,1660301386.0
2.9031020000000002e-39,1660301386.0
2.9031020000000002e-39,1660301386.0
2.9031020000000002e-39,1660301386.0
2.9031020000000002e-39,1660301386.0
2.9031020000000002e-39,1660301386.0
2.9070170000000002e-39,1660301386.0
2.9070170000000002e-39,1660301386.0
2.9070170000000002e-39,1660301386.0
2.9070170000000002e-39,1660301386.0
2.9070170000000002e-39,1660301386.0
2.9070170000000002e-39,1660301386.0
2.9070170000000002e-39,1660301386.0
2.9070170000000002e-39,1660301386.0
2.9070170000000002e-39,1660301386.0
2.9031020000000002e-39,1660301386.0
2.9070170000000002e-39,1660301386.0
2.9070170000000002e-39,1660301386.0
2.908466e-39,1660301386.0
2.908466e-39,1660301386.0
2.908466e-39,1660301386.0
2.908466e-39,1660301386.0
2.908466e-39,1660301386.0
2.908466e-39,1660301386.0
2.908466e-39,1660301386.0
2.908466e-39,1660301386.0
2.908466e-39,1660301386.0
2.908466e-39,1660301386.0
2.908466e-39,1660301386.0
2.908466e-39,1660301386.0
2.9060210000000002e-39,1660301386.0
2.9060210000000002e-39,1660301386.0
2.9060210000000002e-39,1660301386.0
2.9060210000000002e-39,1660301386.0
2.9060210000000002e-39,1660301386.0
2.9060210000000002e-39,1660301386.0
2.9060210000000002e-39,1660301386.0
2.9060210000000002e-39,1660301386.0
2.9060210000000002e-39,1660301386.0
2.9060210000000002e-39,1660301386.0
2.9060210000000002e-39,1660301386.0
2.9060210000000002e-39,1660301386.0
2.9060210000000002e-39,1660301386.0
2.9034670000000002e-39,1660301387.0
2.9034670000000002e-39,1660301387.0
2.9034670000000002e-39,1660301387.0
2.9034670000000002e-39,1660301387.0
2.9034670000000002e-39,1660301387.0
2.9034670000000002e-39,1660301387.0
2.9034670000000002e-39,1660301387.0
2.9034670000000002e-39,1660301387.0
2.9034670000000002e-39,1660301387.0
2.9034670000000002e-39,1660301387.0
2.9034670000000002e-39,1660301387.0
2.9034670000000002e-39,1660301387.0
2.9034670000000002e-39,1660301387.0
2.9034670000000002e-39,1660301387.0
2.899958e-39,1660301387.0
2.899958e-39,1660301387.0
2.899958e-39,1660301387.0
2.899958e-39,1660301387.0
2.899958e-39,1660301387.0
2.899958e-39,1660301387.0
2.899958e-39,1660301387.0
2.899958e-39,1660301387.0
2.899958e-39,1660301387.0
2.899958e-39,1660301387.0
2.899958e-39,1660301387.0
2.899958e-39,1660301387.0
2.899958e-39,1660301387.0
2.8953780000000003e-39,1660301387.0
2.8953780000000003e-39,1660301387.0
2.8953780000000003e-39,1660301387.0
2.8953780000000003e-39,1660301387.0
2.8953780000000003e-39,1660301387.0
2.8953780000000003e-39,1660301387.0
2.8953780000000003e-39,1660301387.0
2.8953780000000003e-39,1660301387.0
2.8953780000000003e-39,1660301387.0
2.8953780000000003e-39,1660301387.0
2.8904820000000002e-39,1660301387.0
2.8904820000000002e-39,1660301387.0
2.8904820000000002e-39,1660301387.0
2.8904820000000002e-39,1660301387.0
2.8904820000000002e-39,1660301387.0
2.8904820000000002e-39,1660301387.0
2.8904820000000002e-39,1660301387.0
2.8904820000000002e-39,1660301387.0
2.8904820000000002e-39,1660301387.0
2.8904820000000002e-39,1660301387.0
2.8904820000000002e-39,1660301387.0
2.883617e-39,1660301387.0
2.883617e-39,1660301387.0
2.883617e-39,1660301387.0
2.883617e-39,1660301387.0
2.883617e-39,1660301387.0
2.883617e-39,1660301387.0
2.883617e-39,1660301387.0
2.883617e-39,1660301387.0
2.883617e-39,1660301387.0
2.878584e-39,1660301387.0
2.878584e-39,1660301387.0
2.878584e-39,1660301387.0
2.878584e-39,1660301387.0
2.878584e-39,1660301387.0
2.878584e-39,1660301387.0
2.878584e-39,1660301387.0
2.878584e-39,1660301387.0
2.874062e-39,1660301387.0
2.874062e-39,1660301387.0
2.874062e-39,1660301387.0
2.874062e-39,1660301387.0
2.874062e-39,1660301387.0
2.874062e-39,1660301387.0
2.874062e-39,1660301387.0
2.874062e-39,1660301387.0
2.874062e-39,1660301387.0
2.874062e-39,1660301387.0
2.874062e-39,1660301387.0
2.874062e-39,1660301387.0
2.874062e-39,1660301387.0
2.8688499999999998e-39,1660301387.0
2.8688499999999998e-39,1660301387.0
2.8688499999999998e-39,1660301387.0
2.8688499999999998e-39,1660301387.0
2.8688499999999998e-39,1660301387.0
2.8688499999999998e-39,1660301387.0
2.8688499999999998e-39,1660301387.0
2.8688499999999998e-39,1660301387.0
2.8688499999999998e-39,1660301387.0
2.8688499999999998e-39,1660301387.0
2.8688499999999998e-39,1660301387.0
2.8688499999999998e-39,1660301387.0
2.8660150000000004e-39,1660301387.0
2.8660150000000004e-39,1660301387.0
2.8660150000000004e-39,1660301387.0
2.8660150000000004e-39,1660301387.0
2.8660150000000004e-39,1660301387.0
2.8660150000000004e-39,1660301387.0
2.8660150000000004e-39,1660301387.0
2.8660150000000004e-39,1660301387.0
2.8660150000000004e-39,1660301387.0
2.8660150000000004e-39,1660301387.0
2.8660150000000004e-39,1660301387.0
2.8660150000000004e-39,1660301387.0
2.8660150000000004e-39,1660301387.0
2.8619099999999997e-39,1660301387.0
2.8619099999999997e-39,1660301387.0
2.8619099999999997e-39,1660301387.0
2.8619099999999997e-39,1660301387.0
2.8619099999999997e-39,1660301387.0
2.8619099999999997e-39,1660301387.0
2.8619099999999997e-39,1660301387.0
2.8619099999999997e-39,1660301387.0
2.8619099999999997e-39,1660301387.0
2.8619099999999997e-39,1660301387.0
2.8619099999999997e-39,1660301387.0
2.8597460000000002e-39,1660301387.0
2.8597460000000002e-39,1660301387.0
2.8597460000000002e-39,1660301387.0
2.8597460000000002e-39,1660301387.0
2.8597460000000002e-39,1660301387.0
2.8575770000000003e-39,1660301387.0
2.8552620000000003e-39,1660301387.0
2.8538750000000003e-39,1660301387.0
2.8524240000000002e-39,1660301387.0
2.852053e-39,1660301387.0
2.850241e-39,1660301387.0
2.8499370000000002e-39,1660301387.0
2.85069e-39,1660301387.0
2.848967e-39,1660301387.0
2.8489730000000003e-39,1660301387.0
2.84984e-39,1660301387.0
2.849183e-39,1660301387.0
2.8498960000000002e-39,1660301387.0
2.8493050000000004e-39,1660301387.0
2.848925e-39,1660301388.0
2.8493150000000003e-39,1660301388.0
2.8477899999999996e-39,1660301388.0
2.8468890000000003e-39,1660301388.0
2.8462050000000002e-39,1660301388.0
2.8455760000000003e-39,1660301388.0
2.844627e-39,1660301388.0
2.8452199999999998e-39,1660301388.0
2.844817e-39,1660301388.0
2.844817e-39,1660301388.0
2.8436510000000002e-39,1660301388.0
2.84509e-39,1660301388.0
2.84509e-39,1660301388.0
2.84509e-39,1660301388.0
2.84509e-39,1660301388.0
2.8450099999999997e-39,1660301388.0
2.8443080000000003e-39,1660301388.0
2.8439690000000003e-39,1660301388.0
2.8439690000000003e-39,1660301388.0
2.84389e-39,1660301388.0
2.84389e-39,1660301388.0
2.842639e-39,1660301388.0
2.8408550000000002e-39,1660301388.0
2.8408550000000002e-39,1660301388.0
2.8409340000000003e-39,1660301388.0
2.8399190000000002e-39,1660301389.0
2.8399190000000002e-39,1660301389.0
2.8387420000000003e-39,1660301389.0
2.8382710000000002e-39,1660301389.0
2.837894e-39,1660301389.0
2.8381160000000003e-39,1660301389.0
2.8380299999999996e-39,1660301389.0
2.8380299999999996e-39,1660301389.0
2.8400170000000003e-39,1660301389.0
2.8389550000000003e-39,1660301389.0
2.8400170000000003e-39,1660301389.0
2.8400170000000003e-39,1660301389.0
2.8406880000000003e-39,1660301389.0
2.8406880000000003e-39,1660301389.0
2.8424740000000003e-39,1660301389.0
2.8424740000000003e-39,1660301389.0
2.842636e-39,1660301389.0
2.8425680000000004e-39,1660301389.0
2.8425680000000004e-39,1660301389.0
2.8420010000000003e-39,1660301389.0
2.8425660000000002e-39,1660301389.0
2.842874e-39,1660301389.0
2.8411280000000003e-39,1660301389.0
2.8411140000000004e-39,1660301389.0
2.8411140000000004e-39,1660301389.0
2.8411140000000004e-39,1660301390.0
2.8429780000000003e-39,1660301390.0
2.8427640000000002e-39,1660301390.0
2.8429780000000003e-39,1660301390.0
2.8420450000000003e-39,1660301390.0
2.8420450000000003e-39,1660301390.0
2.8415399999999998e-39,1660301390.0
2.8400830000000002e-39,1660301390.0
2.8400830000000002e-39,1660301390.0
2.8400830000000002e-39,1660301390.0
2.8362899999999997e-39,1660301390.0
2.8362899999999997e-39,1660301390.0
2.8381970000000002e-39,1660301390.0
2.8381970000000002e-39,1660301390.0
2.8361480000000004e-39,1660301390.0
2.8345260000000003e-39,1660301390.0
2.8345399999999996e-39,1660301390.0
2.8368770000000002e-39,1660301390.0
2.8426699999999998e-39,1660301390.0
2.8426699999999998e-39,1660301390.0
2.8426699999999998e-39,1660301390.0
2.8379899999999997e-39,1660301390.0
2.843647e-39,1660301390.0
2.843647e-39,1660301390.0
2.8436230000000003e-39,1660301390.0
2.844511e-39,1660301390.0
2.8464030000000002e-39,1660301391.0
2.8477340000000002e-39,1660301391.0
2.8480060000000002e-39,1660301391.0
2.849556e-39,1660301391.0
2.8513480000000003e-39,1660301391.0
2.852762e-39,1660301391.0
2.8543340000000003e-39,1660301391.0
2.855338e-39,1660301391.0
2.8556150000000002e-39,1660301391.0
2.8556150000000002e-39,1660301391.0
2.8556150000000002e-39,1660301391.0
2.856017e-39,1660301391.0
2.856017e-39,1660301391.0
2.856017e-39,1660301391.0
2.8568230000000002e-39,1660301391.0
2.857978e-39,1660301391.0
2.8596840000000003e-39,1660301391.0
2.8596840000000003e-39,1660301391.0
2.8615899999999997e-39,1660301391.0
2.8615899999999997e-39,1660301391.0
2.8644380000000004e-39,1660301391.0
2.864733e-39,1660301391.0
2.8662099999999998e-39,1660301391.0
2.867343e-39,1660301391.0
2.868227e-39,1660301391.0
2.8694840000000002e-39,1660301392.0
2.871705e-39,1660301392.0
2.871705e-39,1660301392.0
2.8709099999999997e-39,1660301392.0
2.8709099999999997e-39,1660301392.0
2.8716740000000003e-39,1660301392.0
2.8716740000000003e-39,1660301392.0
2.8720230000000002e-39,1660301392.0
2.8726699999999997e-39,1660301392.0
2.8729790000000003e-39,1660301392.0
2.8715899999999998e-39,1660301392.0
2.8716740000000003e-39,1660301392.0
2.871045e-39,1660301392.0
2.871045e-39,1660301392.0
2.870012e-39,1660301392.0
2.862623e-39,1660301392.0
2.8636899999999998e-39,1660301392.0
2.88244e-39,1660301393.0
2.88244e-39,1660301393.0
2.8827120000000002e-39,1660301393.0
2.8827120000000002e-39,1660301393.0
2.8827120000000002e-39,1660301393.0
2.8831560000000002e-39,1660301393.0
2.8831560000000002e-39,1660301393.0
2.8836299999999996e-39,1660301393.0
2.8836299999999996e-39,1660301393.0
2.8836299999999996e-39,1660301393.0
2.883561e-39,1660301393.0
2.8852960000000002e-39,1660301393.0
2.888579e-39,1660301393.0
2.8918510000000003e-39,1660301393.0
2.8928310000000002e-39,1660301393.0
2.8928310000000002e-39,1660301393.0
2.8923810000000003e-39,1660301393.0
2.8898099999999998e-39,1660301394.0
2.89157e-39,1660301394.0
2.8897860000000003e-39,1660301394.0
2.89157e-39,1660301394.0
2.89157e-39,1660301394.0
2.89157e-39,1660301394.0
2.89157e-39,1660301394.0
2.8931450000000003e-39,1660301394.0
2.8931450000000003e-39,1660301394.0
2.8931450000000003e-39,1660301394.0
2.8931450000000003e-39,1660301394.0
2.8931450000000003e-39,1660301394.0
2.8931450000000003e-39,1660301394.0
2.8931450000000003e-39,1660301394.0
2.893065e-39,1660301394.0
2.893065e-39,1660301394.0
2.893065e-39,1660301394.0
2.893065e-39,1660301394.0
2.893065e-39,1660301394.0
2.893065e-39,1660301394.0
2.893065e-39,1660301394.0
2.893065e-39,1660301394.0
2.8926810000000002e-39,1660301394.0
2.8926810000000002e-39,1660301394.0
2.8926810000000002e-39,1660301394.0
2.8926810000000002e-39,1660301394.0
2.8926810000000002e-39,1660301394.0
2.8926810000000002e-39,1660301394.0
2.8926810000000002e-39,1660301394.0
2.8926810000000002e-39,1660301394.0
2.8926810000000002e-39,1660301394.0
2.8926810000000002e-39,1660301394.0
2.8926460000000004e-39,1660301394.0
2.8913090000000002e-39,1660301394.0
2.8917799999999996e-39,1660301394.0
2.8922460000000003e-39,1660301394.0
2.89213e-39,1660301394.0
2.8929830000000002e-39,1660301394.0
2.8928390000000003e-39,1660301394.0
2.8924550000000003e-39,1660301394.0
2.8927380000000003e-39,1660301394.0
2.893076e-39,1660301394.0
2.892527e-39,1660301394.0
2.8925e-39,1660301395.0
2.892915e-39,1660301395.0
2.8935370000000004e-39,1660301395.0
2.8937040000000003e-39,1660301395.0
2.893959e-39,1660301395.0
2.8935920000000003e-39,1660301395.0
2.893691e-39,1660301395.0
2.892978e-39,1660301395.0
2.8915040000000003e-39,1660301395.0
2.8904080000000003e-39,1660301395.0
2.8886180000000002e-39,1660301395.0
2.888076e-39,1660301395.0
2.8877570000000003e-39,1660301395.0
2.8874550000000003e-39,1660301395.0
2.8866570000000002e-39,1660301395.0
2.886246e-39,1660301395.0
2.8854610000000003e-39,1660301395.0
2.8853310000000003e-39,1660301395.0
2.8840770000000002e-39,1660301395.0
2.8834060000000002e-39,1660301395.0
2.8825480000000002e-39,1660301395.0
2.882416e-39,1660301395.0
2.881503e-39,1660301395.0
2.880918e-39,1660301395.0
2.8796630000000003e-39,1660301395.0
2.8793750000000002e-39,1660301396.0
2.878804e-39,1660301396.0
2.878196e-39,1660301396.0
2.876727e-39,1660301396.0
2.8760280000000003e-39,1660301396.0
2.8740380000000003e-39,1660301396.0
2.873796e-39,1660301396.0
2.873278e-39,1660301396.0
2.8724080000000003e-39,1660301396.0
2.8718830000000003e-39,1660301396.0
2.8709210000000003e-39,1660301396.0
2.8701480000000002e-39,1660301396.0
2.8686720000000002e-39,1660301396.0
2.8683199999999998e-39,1660301396.0
2.867966e-39,1660301396.0
2.8681290000000004e-39,1660301396.0
2.867962e-39,1660301396.0
2.8681730000000003e-39,1660301396.0
2.868864e-39,1660301396.0
2.8687020000000003e-39,1660301396.0
2.8696599999999996e-39,1660301396.0
2.870773e-39,1660301396.0
2.8710780000000004e-39,1660301396.0
2.8712890000000002e-39,1660301396.0
2.870441e-39,1660301396.0
2.8697010000000002e-39,1660301397.0
2.8695190000000003e-39,1660301397.0
2.8689260000000003e-39,1660301397.0
2.8685310000000003e-39,1660301397.0
2.8678899999999997e-39,1660301397.0
2.8677970000000003e-39,1660301397.0
2.8667480000000002e-39,1660301397.0
2.8662790000000003e-39,1660301397.0
2.865553e-39,1660301397.0
2.8650860000000003e-39,1660301397.0
2.8648e-39,1660301397.0
2.863462e-39,1660301397.0
2.863216e-39,1660301397.0
2.8629750000000002e-39,1660301397.0
2.8623750000000002e-39,1660301397.0
2.86051e-39,1660301397.0
2.8585060000000003e-39,1660301397.0
2.856948e-39,1660301397.0
2.8537740000000003e-39,1660301397.0
2.8472750000000002e-39,1660301397.0
2.8382750000000002e-39,1660301397.0
2.8300580000000002e-39,1660301397.0
2.8220440000000004e-39,1660301397.0
2.8164280000000002e-39,1660301397.0
2.810893e-39,1660301397.0
2.8057570000000002e-39,1660301398.0
2.801633e-39,1660301398.0
2.7974899999999997e-39,1660301398.0
2.791827e-39,1660301398.0
2.789463e-39,1660301398.0
2.7894430000000003e-39,1660301398.0
2.7920240000000003e-39,1660301398.0
2.7958899999999997e-39,1660301398.0
2.7987970000000002e-39,1660301398.0
2.800547e-39,1660301398.0
2.79971e-39,1660301398.0
2.79936e-39,1660301398.0
2.8026850000000002e-39,1660301398.0
2.805692e-39,1660301398.0
2.80578e-39,1660301398.0
2.803844e-39,1660301398.0
2.7951170000000002e-39,1660301398.0
2.788423e-39,1660301398.0
2.7868790000000003e-39,1660301398.0
2.786265e-39,1660301398.0
2.7849690000000002e-39,1660301398.0
2.7791080000000002e-39,1660301398.0
2.7583610000000003e-39,1660301398.0
2.7465099999999997e-39,1660301398.0
2.7410250000000003e-39,1660301399.0
2.7407480000000002e-39,1660301399.0
2.7435630000000002e-39,1660301399.0
2.7470410000000002e-39,1660301399.0
2.7507470000000002e-39,1660301399.0
2.756361e-39,1660301399.0
2.7577090000000003e-39,1660301399.0
2.7555020000000003e-39,1660301399.0
2.7523720000000002e-39,1660301399.0
2.748128e-39,1660301399.0
2.745411e-39,1660301399.0
2.7471499999999996e-39,1660301399.0
2.7497740000000002e-39,1660301399.0
2.7523030000000003e-39,1660301399.0
2.7566099999999997e-39,1660301399.0
2.7582860000000003e-39,1660301399.0
2.75578e-39,1660301399.0
2.7510499999999996e-39,1660301399.0
2.74571e-39,1660301399.0
2.7408780000000002e-39,1660301399.0
2.73778e-39,1660301399.0
2.7343870000000002e-39,1660301399.0
2.7315699999999997e-39,1660301399.0
2.7282930000000003e-39,1660301399.0
2.7226860000000003e-39,1660301399.0
2.7189530000000003e-39,1660301400.0
2.715108e-39,1660301400.0
2.7118099999999996e-39,1660301400.0
2.7122160000000003e-39,1660301400.0
2.7165660000000002e-39,1660301400.0
2.7217520000000002e-39,1660301400.0
2.723794e-39,1660301400.0
2.72456e-39,1660301400.0
2.7235340000000002e-39,1660301400.0
2.722567e-39,1660301400.0
2.7222720000000003e-39,1660301400.0
2.721825e-39,1660301400.0
2.7219980000000002e-39,1660301400.0
2.721502e-39,1660301400.0
2.7219590000000003e-39,1660301400.0
2.721968e-39,1660301400.0
2.7220470000000002e-39,1660301400.0
2.723033e-39,1660301400.0
2.7235830000000002e-39,1660301400.0
2.724857e-39,1660301400.0
2.7258280000000003e-39,1660301400.0
2.725408e-39,1660301400.0
2.724842e-39,1660301400.0
2.7259730000000002e-39,1660301400.0
2.726949e-39,1660301400.0
2.7279680000000003e-39,1660301401.0
2.730859e-39,1660301401.0
2.7325610000000002e-39,1660301401.0
2.7335199999999997e-39,1660301401.0
2.7325360000000003e-39,1660301401.0
2.724096e-39,1660301401.0
2.717244e-39,1660301401.0
2.7131970000000003e-39,1660301401.0
2.7083720000000002e-39,1660301401.0
2.7097550000000002e-39,1660301401.0
2.7151320000000003e-39,1660301401.0
2.7201399999999997e-39,1660301401.0
2.7232080000000003e-39,1660301401.0
2.724133e-39,1660301401.0
2.7240390000000003e-39,1660301401.0
2.7241720000000002e-39,1660301401.0
2.7238860000000003e-39,1660301401.0
2.7248290000000003e-39,1660301401.0
2.7257710000000002e-39,1660301401.0
2.7267530000000003e-39,1660301401.0
2.729536e-39,1660301401.0
2.723079e-39,1660301401.0
2.7048520000000002e-39,1660301401.0
2.7012820000000003e-39,1660301401.0
2.701425e-39,1660301401.0
2.705511e-39,1660301402.0
2.707464e-39,1660301402.0
2.7052110000000003e-39,1660301402.0
2.704236e-39,1660301402.0
2.7037399999999998e-39,1660301402.0
2.7041230000000003e-39,1660301402.0
2.7043499999999997e-39,1660301402.0
2.7043560000000002e-39,1660301402.0
2.7050360000000003e-39,1660301402.0
2.7055680000000002e-39,1660301402.0
2.7058330000000002e-39,1660301402.0
2.7069040000000003e-39,1660301402.0
2.7088120000000002e-39,1660301402.0
2.7116270000000003e-39,1660301402.0
2.715372e-39,1660301402.0
2.720342e-39,1660301402.0
2.7253740000000003e-39,1660301402.0
2.7314430000000003e-39,1660301402.0
2.7383199999999998e-39,1660301402.0
2.745455e-39,1660301402.0
2.7523090000000002e-39,1660301402.0
2.758858e-39,1660301402.0
2.7658320000000003e-39,1660301402.0
2.772962e-39,1660301402.0
2.779777e-39,1660301402.0
2.785568e-39,1660301403.0
2.7902810000000002e-39,1660301403.0
2.7948630000000002e-39,1660301403.0
2.7992830000000004e-39,1660301403.0
2.8034120000000002e-39,1660301403.0
2.8074730000000003e-39,1660301403.0
2.810771e-39,1660301403.0
2.8132220000000003e-39,1660301403.0
2.8150820000000002e-39,1660301403.0
2.8163980000000002e-39,1660301403.0
2.8193620000000002e-39,1660301403.0
2.821568e-39,1660301403.0
2.8251890000000002e-39,1660301403.0
2.829781e-39,1660301403.0
2.827935e-39,1660301403.0
2.8196840000000004e-39,1660301403.0
2.8196840000000004e-39,1660301403.0
2.807714e-39,1660301403.0
2.8055940000000003e-39,1660301403.0
2.800593e-39,1660301403.0
2.800593e-39,1660301403.0
2.7867020000000002e-39,1660301403.0
2.7867020000000002e-39,1660301403.0
2.7841899999999996e-39,1660301403.0
2.7841899999999996e-39,1660301403.0
2.7777320000000002e-39,1660301404.0
2.7777320000000002e-39,1660301404.0
2.778652e-39,1660301404.0
2.778696e-39,1660301404.0
2.778696e-39,1660301404.0
2.7817899999999997e-39,1660301404.0
2.7817899999999997e-39,1660301404.0
2.7857940000000003e-39,1660301404.0
2.7857940000000003e-39,1660301404.0
2.7868440000000002e-39,1660301404.0
2.7868030000000002e-39,1660301404.0
2.7822899999999997e-39,1660301404.0
2.767176e-39,1660301404.0
2.767176e-39,1660301404.0
2.7606240000000003e-39,1660301404.0
2.7606240000000003e-39,1660301404.0
2.7568299999999998e-39,1660301404.0
2.7568299999999998e-39,1660301404.0
2.7561230000000002e-39,1660301404.0
2.7561230000000002e-39,1660301404.0
2.7534140000000003e-39,1660301404.0
2.7453750000000002e-39,1660301404.0
2.7453750000000002e-39,1660301404.0
2.743218e-39,1660301404.0
2.7414230000000002e-39,1660301404.0
2.7431690000000003e-39,1660301405.0
2.7431690000000003e-39,1660301405.0
2.7445690000000002e-39,1660301405.0
2.7441099999999998e-39,1660301405.0
2.7538099999999997e-39,1660301405.0
2.7538099999999997e-39,1660301405.0
2.7538099999999997e-39,1660301405.0
2.7570380000000003e-39,1660301405.0
2.7713399999999997e-39,1660301405.0
2.7713399999999997e-39,1660301405.0
2.7713399999999997e-39,1660301405.0
2.7856550000000002e-39,1660301405.0
2.7856550000000002e-39,1660301405.0
2.7914099999999998e-39,1660301405.0
2.7990320000000002e-39,1660301405.0
2.7990320000000002e-39,1660301405.0
2.7990320000000002e-39,1660301405.0
2.808701e-39,1660301405.0
2.808701e-39,1660301405.0
2.8107540000000003e-39,1660301405.0
2.8158e-39,1660301405.0
2.8186680000000002e-39,1660301405.0
2.8186680000000002e-39,1660301405.0
2.8209430000000003e-39,1660301405.0
2.8209430000000003e-39,1660301405.0
2.8248730000000003e-39,1660301406.0
2.8272860000000004e-39,1660301406.0
2.8289290000000003e-39,1660301406.0
2.8314930000000002e-39,1660301406.0
2.8346560000000003e-39,1660301406.0
2.8403420000000003e-39,1660301406.0
2.8403420000000003e-39,1660301406.0
2.8346560000000003e-39,1660301406.0
2.843233e-39,1660301406.0
2.8483160000000003e-39,1660301406.0
2.8496890000000004e-39,1660301406.0
2.8542070000000003e-39,1660301406.0
2.8542070000000003e-39,1660301406.0
2.8630340000000002e-39,1660301406.0
2.8607270000000002e-39,1660301406.0
2.877838e-39,1660301406.0
2.8774560000000003e-39,1660301407.0
2.8440960000000003e-39,1660301407.0
2.8422870000000002e-39,1660301407.0
2.8795170000000002e-39,1660301407.0
2.8765730000000003e-39,1660301406.0
2.8422870000000002e-39,1660301407.0
2.8419030000000002e-39,1660301407.0
2.7417180000000003e-39,1660301414.0
2.8660580000000002e-39,1660301407.0
2.7159360000000002e-39,1660301414.0
2.7117160000000002e-39,1660301414.0
2.7117160000000002e-39,1660301414.0
2.7117160000000002e-39,1660301414.0
2.7117160000000002e-39,1660301414.0
